a_idx,b_idx,pearson,spearman
0,0,0.3209377733875366,0.2784644128958446
