a_idx,b_idx,pearson,spearman
0,0,0.3114749241289193,0.26785735200112937
