a_idx,b_idx,pearson,spearman
0,0,-0.038385761066093316,-0.026329088018620952
