a_idx,b_idx,pearson,spearman
0,0,0.31147492328886317,0.26785735200112937
